batch_id,case_id,route_id,step,facing,region,left_node,right_node,left_anchor_body,right_anchor_body,left_anchor_observer,right_anchor_observer,edge_kind,left_action,right_action,edge_model_status,provenance
solver-review-001,solver-review-001-01,low-reel-route-b3729d5e,0,0,source,C a down,L b up,-0.500 -0.350,-0.500 -0.350,-0.500 -0.350,-0.500 -0.350,source-cycle,reel-continuation,reel-continuation,valid,source-cycle
solver-review-001,solver-review-001-01,low-reel-route-b3729d5e,1,0,source,L b up,L b down,-0.500 -0.350,-0.500 -0.350,-0.500 -0.350,-0.500 -0.350,source-cycle,reel-continuation,reel-continuation,valid,source-cycle
solver-review-001,solver-review-001-01,low-reel-route-b3729d5e,2,0,source,L b down,C a up,-0.500 -0.350,-0.500 -0.350,-0.500 -0.350,-0.500 -0.350,source-cycle,reel-continuation,reel-continuation,valid,source-cycle
solver-review-001,solver-review-001-01,low-reel-route-b3729d5e,3,0,source,C a up,C a down,-0.500 -0.350,-0.500 -0.350,-0.500 -0.350,-0.500 -0.350,source-cycle,reel-continuation,reel-continuation,valid,source-cycle
solver-review-001,solver-review-001-01,low-reel-route-b3729d5e,4,0,source,C a down,L b up,-0.500 -0.350,-0.500 -0.350,-0.500 -0.350,-0.500 -0.350,body-turn,cross,hold,valid,turn-topology:left:left-cross:right-hold
solver-review-001,solver-review-001-01,low-reel-route-b3729d5e,5,180,target,C b up,C b down,-0.500 -0.350,-0.500 -0.350,0.500 -0.350,0.500 -0.350,target-cycle,reel-continuation,reel-continuation,valid,target-cycle
solver-review-001,solver-review-001-01,low-reel-route-b3729d5e,6,180,target,L a down,C b up,-0.500 -0.350,-0.500 -0.350,0.500 -0.350,0.500 -0.350,target-cycle,reel-continuation,reel-continuation,valid,target-cycle
solver-review-001,solver-review-001-01,low-reel-route-b3729d5e,7,180,target,L a up,L a down,-0.500 -0.350,-0.500 -0.350,0.500 -0.350,0.500 -0.350,target-cycle,reel-continuation,reel-continuation,valid,target-cycle
solver-review-001,solver-review-001-01,low-reel-route-b3729d5e,8,180,target,C b down,L a up,-0.500 -0.350,-0.500 -0.350,0.500 -0.350,0.500 -0.350,target-cycle,reel-continuation,reel-continuation,valid,target-cycle
solver-review-001,solver-review-001-01,low-reel-route-b3729d5e,9,180,target,C b up,C b down,-0.500 -0.350,-0.500 -0.350,0.500 -0.350,0.500 -0.350,,,,,
solver-review-001,solver-review-001-02,low-reel-route-6ab03b1a,0,0,source,L b up,L b down,-0.500 -0.350,-0.500 -0.350,-0.500 -0.350,-0.500 -0.350,source-cycle,reel-continuation,reel-continuation,valid,source-cycle
solver-review-001,solver-review-001-02,low-reel-route-6ab03b1a,1,0,source,L b down,C a up,-0.500 -0.350,-0.500 -0.350,-0.500 -0.350,-0.500 -0.350,source-cycle,reel-continuation,reel-continuation,valid,source-cycle
solver-review-001,solver-review-001-02,low-reel-route-6ab03b1a,2,0,source,C a up,C a down,-0.500 -0.350,-0.500 -0.350,-0.500 -0.350,-0.500 -0.350,source-cycle,reel-continuation,reel-continuation,valid,source-cycle
solver-review-001,solver-review-001-02,low-reel-route-6ab03b1a,3,0,source,C a down,L b up,-0.500 -0.350,-0.500 -0.350,-0.500 -0.350,-0.500 -0.350,source-cycle,reel-continuation,reel-continuation,valid,source-cycle
solver-review-001,solver-review-001-02,low-reel-route-6ab03b1a,4,0,source,L b up,L b down,-0.500 -0.350,-0.500 -0.350,-0.500 -0.350,-0.500 -0.350,body-turn,cross,hold,valid,turn-topology:left:left-cross:right-hold
solver-review-001,solver-review-001-02,low-reel-route-6ab03b1a,5,180,target,L a down,C b up,-0.500 -0.350,-0.500 -0.350,0.500 -0.350,0.500 -0.350,target-cycle,reel-continuation,reel-continuation,valid,target-cycle
solver-review-001,solver-review-001-02,low-reel-route-6ab03b1a,6,180,target,L a up,L a down,-0.500 -0.350,-0.500 -0.350,0.500 -0.350,0.500 -0.350,target-cycle,reel-continuation,reel-continuation,valid,target-cycle
solver-review-001,solver-review-001-02,low-reel-route-6ab03b1a,7,180,target,C b down,L a up,-0.500 -0.350,-0.500 -0.350,0.500 -0.350,0.500 -0.350,target-cycle,reel-continuation,reel-continuation,valid,target-cycle
solver-review-001,solver-review-001-02,low-reel-route-6ab03b1a,8,180,target,C b up,C b down,-0.500 -0.350,-0.500 -0.350,0.500 -0.350,0.500 -0.350,target-cycle,reel-continuation,reel-continuation,valid,target-cycle
solver-review-001,solver-review-001-02,low-reel-route-6ab03b1a,9,180,target,L a down,C b up,-0.500 -0.350,-0.500 -0.350,0.500 -0.350,0.500 -0.350,,,,,
solver-review-001,solver-review-001-03,low-reel-route-6a4bc2fa,0,0,source,C a up,C a down,-0.500 -0.350,-0.500 -0.350,-0.500 -0.350,-0.500 -0.350,source-cycle,reel-continuation,reel-continuation,valid,source-cycle
solver-review-001,solver-review-001-03,low-reel-route-6a4bc2fa,1,0,source,C a down,L b up,-0.500 -0.350,-0.500 -0.350,-0.500 -0.350,-0.500 -0.350,source-cycle,reel-continuation,reel-continuation,valid,source-cycle
solver-review-001,solver-review-001-03,low-reel-route-6a4bc2fa,2,0,source,L b up,L b down,-0.500 -0.350,-0.500 -0.350,-0.500 -0.350,-0.500 -0.350,source-cycle,reel-continuation,reel-continuation,valid,source-cycle
solver-review-001,solver-review-001-03,low-reel-route-6a4bc2fa,3,0,source,L b down,C a up,-0.500 -0.350,-0.500 -0.350,-0.500 -0.350,-0.500 -0.350,source-cycle,reel-continuation,reel-continuation,valid,source-cycle
solver-review-001,solver-review-001-03,low-reel-route-6a4bc2fa,4,0,source,C a up,C a down,-0.500 -0.350,-0.500 -0.350,-0.500 -0.350,-0.500 -0.350,body-turn,cross,hold,valid,turn-topology:right:left-cross:right-hold
solver-review-001,solver-review-001-03,low-reel-route-6a4bc2fa,5,180,target,C b down,L a up,-0.500 -0.350,-0.500 -0.350,0.500 -0.350,0.500 -0.350,target-cycle,reel-continuation,reel-continuation,valid,target-cycle
solver-review-001,solver-review-001-03,low-reel-route-6a4bc2fa,6,180,target,C b up,C b down,-0.500 -0.350,-0.500 -0.350,0.500 -0.350,0.500 -0.350,target-cycle,reel-continuation,reel-continuation,valid,target-cycle
solver-review-001,solver-review-001-03,low-reel-route-6a4bc2fa,7,180,target,L a down,C b up,-0.500 -0.350,-0.500 -0.350,0.500 -0.350,0.500 -0.350,target-cycle,reel-continuation,reel-continuation,valid,target-cycle
solver-review-001,solver-review-001-03,low-reel-route-6a4bc2fa,8,180,target,L a up,L a down,-0.500 -0.350,-0.500 -0.350,0.500 -0.350,0.500 -0.350,target-cycle,reel-continuation,reel-continuation,valid,target-cycle
solver-review-001,solver-review-001-03,low-reel-route-6a4bc2fa,9,180,target,C b down,L a up,-0.500 -0.350,-0.500 -0.350,0.500 -0.350,0.500 -0.350,,,,,
solver-review-001,solver-review-001-04,low-reel-route-a79d0ed3,0,0,source,C a down,C a down,-0.500 -0.350,0.500 -0.350,-0.500 -0.350,0.500 -0.350,source-cycle,reel-continuation,reel-continuation,valid,source-cycle
solver-review-001,solver-review-001-04,low-reel-route-a79d0ed3,1,0,source,L b up,C a up,-0.500 -0.350,0.500 -0.350,-0.500 -0.350,0.500 -0.350,source-cycle,reel-continuation,reel-continuation,valid,source-cycle
solver-review-001,solver-review-001-04,low-reel-route-a79d0ed3,2,0,source,L b down,R b down,-0.500 -0.350,0.500 -0.350,-0.500 -0.350,0.500 -0.350,source-cycle,reel-continuation,reel-continuation,valid,source-cycle
solver-review-001,solver-review-001-04,low-reel-route-a79d0ed3,3,0,source,C a up,R b up,-0.500 -0.350,0.500 -0.350,-0.500 -0.350,0.500 -0.350,source-cycle,reel-continuation,reel-continuation,valid,source-cycle
solver-review-001,solver-review-001-04,low-reel-route-a79d0ed3,4,0,source,C a down,C a down,-0.500 -0.350,0.500 -0.350,-0.500 -0.350,0.500 -0.350,circle-extension,circle-extension,reel-continuation,unresolved,generated:left:same-anchor-circle-extension; generated:right:same-anchor-circle-extension; low-back:low-native:same-cw:0@2->3; low-back:low-native:same-cw:2@0->1; low-native:low-native:same-cw:1@3->0; low-native:low-native:same-cw:3@1->2; low-non-native:low-native:same-cw:0@2->3; low-non-native:low-native:same-cw:2@0->1
solver-review-001,solver-review-001-04,low-reel-route-a79d0ed3,5,0,preparation,C a up,C a up,-0.500 -0.350,0.500 -0.350,-0.500 -0.350,0.500 -0.350,body-turn,cross,cross,valid,turn-topology:right:left-cross:right-cross
solver-review-001,solver-review-001-04,low-reel-route-a79d0ed3,6,180,target,C b down,C b down,-0.500 -0.350,0.500 -0.350,0.500 -0.350,-0.500 -0.350,target-cycle,reel-continuation,reel-continuation,valid,target-cycle
solver-review-001,solver-review-001-04,low-reel-route-a79d0ed3,7,180,target,C b up,R a up,-0.500 -0.350,0.500 -0.350,0.500 -0.350,-0.500 -0.350,target-cycle,reel-continuation,reel-continuation,valid,target-cycle
solver-review-001,solver-review-001-04,low-reel-route-a79d0ed3,8,180,target,L a down,R a down,-0.500 -0.350,0.500 -0.350,0.500 -0.350,-0.500 -0.350,target-cycle,reel-continuation,reel-continuation,valid,target-cycle
solver-review-001,solver-review-001-04,low-reel-route-a79d0ed3,9,180,target,L a up,C b up,-0.500 -0.350,0.500 -0.350,0.500 -0.350,-0.500 -0.350,target-cycle,reel-continuation,reel-continuation,valid,target-cycle
solver-review-001,solver-review-001-04,low-reel-route-a79d0ed3,10,180,target,C b down,C b down,-0.500 -0.350,0.500 -0.350,0.500 -0.350,-0.500 -0.350,,,,,
solver-review-001,solver-review-001-05,low-reel-route-81634d59,0,0,source,C a down,C a up,0.500 -0.350,-0.500 -0.350,0.500 -0.350,-0.500 -0.350,source-cycle,reel-continuation,reel-continuation,valid,source-cycle
solver-review-001,solver-review-001-05,low-reel-route-81634d59,1,0,source,C a up,L b down,0.500 -0.350,-0.500 -0.350,0.500 -0.350,-0.500 -0.350,source-cycle,reel-continuation,reel-continuation,valid,source-cycle
solver-review-001,solver-review-001-05,low-reel-route-81634d59,2,0,source,R b down,L b up,0.500 -0.350,-0.500 -0.350,0.500 -0.350,-0.500 -0.350,source-cycle,reel-continuation,reel-continuation,valid,source-cycle
solver-review-001,solver-review-001-05,low-reel-route-81634d59,3,0,source,R b up,C a down,0.500 -0.350,-0.500 -0.350,0.500 -0.350,-0.500 -0.350,source-cycle,reel-continuation,reel-continuation,valid,source-cycle
solver-review-001,solver-review-001-05,low-reel-route-81634d59,4,0,source,C a down,C a up,0.500 -0.350,-0.500 -0.350,0.500 -0.350,-0.500 -0.350,circle-extension,reel-continuation,circle-extension,unresolved,generated:left:same-anchor-circle-extension; generated:right:same-anchor-circle-extension; low-non-native:low-back:opposite-in:1@2->3; low-non-native:low-back:opposite-in:3@2->3; low-non-native:low-native:opposite-in:0@2->3; low-non-native:low-native:opposite-in:2@2->3; low-non-native:low-non-native:opposite-in:1@2->3; low-non-native:low-non-native:opposite-in:3@2->3
solver-review-001,solver-review-001-05,low-reel-route-81634d59,5,0,preparation,C a up,C a down,0.500 -0.350,-0.500 -0.350,0.500 -0.350,-0.500 -0.350,body-turn,cross,cross,valid,turn-topology:right:left-cross:right-cross
solver-review-001,solver-review-001-05,low-reel-route-81634d59,6,180,target,C b down,C b up,0.500 -0.350,0.500 -0.350,-0.500 -0.350,-0.500 -0.350,target-cycle,reel-continuation,reel-continuation,valid,target-cycle
solver-review-001,solver-review-001-05,low-reel-route-81634d59,7,180,target,R a up,R a down,0.500 -0.350,0.500 -0.350,-0.500 -0.350,-0.500 -0.350,target-cycle,reel-continuation,reel-continuation,valid,target-cycle
solver-review-001,solver-review-001-05,low-reel-route-81634d59,8,180,target,R a down,R a up,0.500 -0.350,0.500 -0.350,-0.500 -0.350,-0.500 -0.350,target-cycle,reel-continuation,reel-continuation,valid,target-cycle
solver-review-001,solver-review-001-05,low-reel-route-81634d59,9,180,target,C b up,C b down,0.500 -0.350,0.500 -0.350,-0.500 -0.350,-0.500 -0.350,target-cycle,reel-continuation,reel-continuation,valid,target-cycle
solver-review-001,solver-review-001-05,low-reel-route-81634d59,10,180,target,C b down,C b up,0.500 -0.350,0.500 -0.350,-0.500 -0.350,-0.500 -0.350,,,,,
solver-review-001,solver-review-001-06,low-reel-route-76cf0bcf,0,0,source,R b up,C a down,0.500 -0.350,-0.500 -0.350,0.500 -0.350,-0.500 -0.350,source-cycle,reel-continuation,reel-continuation,valid,source-cycle
solver-review-001,solver-review-001-06,low-reel-route-76cf0bcf,1,0,source,C a down,C a up,0.500 -0.350,-0.500 -0.350,0.500 -0.350,-0.500 -0.350,source-cycle,reel-continuation,reel-continuation,valid,source-cycle
solver-review-001,solver-review-001-06,low-reel-route-76cf0bcf,2,0,source,C a up,L b down,0.500 -0.350,-0.500 -0.350,0.500 -0.350,-0.500 -0.350,source-cycle,reel-continuation,reel-continuation,valid,source-cycle
solver-review-001,solver-review-001-06,low-reel-route-76cf0bcf,3,0,source,R b down,L b up,0.500 -0.350,-0.500 -0.350,0.500 -0.350,-0.500 -0.350,source-cycle,reel-continuation,reel-continuation,valid,source-cycle
solver-review-001,solver-review-001-06,low-reel-route-76cf0bcf,4,0,source,R b up,C a down,0.500 -0.350,-0.500 -0.350,0.500 -0.350,-0.500 -0.350,body-turn,hold,cross,valid,turn-topology:right:left-hold:right-cross
solver-review-001,solver-review-001-06,low-reel-route-76cf0bcf,5,180,target,C b down,C b up,0.500 -0.350,0.500 -0.350,-0.500 -0.350,-0.500 -0.350,target-cycle,reel-continuation,reel-continuation,valid,target-cycle
solver-review-001,solver-review-001-06,low-reel-route-76cf0bcf,6,180,target,R a up,R a down,0.500 -0.350,0.500 -0.350,-0.500 -0.350,-0.500 -0.350,target-cycle,reel-continuation,reel-continuation,valid,target-cycle
solver-review-001,solver-review-001-06,low-reel-route-76cf0bcf,7,180,target,R a down,R a up,0.500 -0.350,0.500 -0.350,-0.500 -0.350,-0.500 -0.350,target-cycle,reel-continuation,reel-continuation,valid,target-cycle
solver-review-001,solver-review-001-06,low-reel-route-76cf0bcf,8,180,target,C b up,C b down,0.500 -0.350,0.500 -0.350,-0.500 -0.350,-0.500 -0.350,target-cycle,reel-continuation,reel-continuation,valid,target-cycle
solver-review-001,solver-review-001-06,low-reel-route-76cf0bcf,9,180,target,C b down,C b up,0.500 -0.350,0.500 -0.350,-0.500 -0.350,-0.500 -0.350,,,,,
solver-review-001,solver-review-001-07,low-reel-route-2192cee1,0,0,source,C a up,L b down,0.500 -0.350,-0.500 -0.350,0.500 -0.350,-0.500 -0.350,source-cycle,reel-continuation,reel-continuation,valid,source-cycle
solver-review-001,solver-review-001-07,low-reel-route-2192cee1,1,0,source,C a down,L b up,0.500 -0.350,-0.500 -0.350,0.500 -0.350,-0.500 -0.350,source-cycle,reel-continuation,reel-continuation,valid,source-cycle
solver-review-001,solver-review-001-07,low-reel-route-2192cee1,2,0,source,R b up,C a down,0.500 -0.350,-0.500 -0.350,0.500 -0.350,-0.500 -0.350,source-cycle,reel-continuation,reel-continuation,valid,source-cycle
solver-review-001,solver-review-001-07,low-reel-route-2192cee1,3,0,source,R b down,C a up,0.500 -0.350,-0.500 -0.350,0.500 -0.350,-0.500 -0.350,source-cycle,reel-continuation,reel-continuation,valid,source-cycle
solver-review-001,solver-review-001-07,low-reel-route-2192cee1,4,0,source,C a up,L b down,0.500 -0.350,-0.500 -0.350,0.500 -0.350,-0.500 -0.350,body-turn,cross,cross,valid,turn-topology:left:left-cross:right-cross
solver-review-001,solver-review-001-07,low-reel-route-2192cee1,5,180,turn-target,C b down,L a up,-0.500 -0.350,-0.500 -0.350,0.500 -0.350,0.500 -0.350,reel-continuation,reel-continuation,reel-continuation,valid,low-native:low-non-native:same-cw:3@3->0
solver-review-001,solver-review-001-07,low-reel-route-2192cee1,6,180,recovery,L a up,L a down,-0.500 -0.350,-0.500 -0.350,0.500 -0.350,0.500 -0.350,circle-extension,reel-continuation,circle-extension,unresolved,generated:left:same-anchor-circle-extension; generated:right:same-anchor-circle-extension; low-native:low-back:same-cw:1@0->1; low-native:low-back:same-cw:3@0->1; low-native:low-native:same-cw:0@0->1; low-native:low-native:same-cw:2@0->1; low-native:low-non-native:same-cw:1@0->1; low-native:low-non-native:same-cw:3@0->1
solver-review-001,solver-review-001-07,low-reel-route-2192cee1,7,180,target,L a down,L a up,-0.500 -0.350,-0.500 -0.350,0.500 -0.350,0.500 -0.350,target-cycle,reel-continuation,reel-continuation,valid,target-cycle
solver-review-001,solver-review-001-07,low-reel-route-2192cee1,8,180,target,C b up,L a down,-0.500 -0.350,-0.500 -0.350,0.500 -0.350,0.500 -0.350,target-cycle,reel-continuation,reel-continuation,valid,target-cycle
solver-review-001,solver-review-001-07,low-reel-route-2192cee1,9,180,target,C b down,C b up,-0.500 -0.350,-0.500 -0.350,0.500 -0.350,0.500 -0.350,target-cycle,reel-continuation,reel-continuation,valid,target-cycle
solver-review-001,solver-review-001-07,low-reel-route-2192cee1,10,180,target,L a up,C b down,-0.500 -0.350,-0.500 -0.350,0.500 -0.350,0.500 -0.350,target-cycle,reel-continuation,reel-continuation,valid,target-cycle
solver-review-001,solver-review-001-07,low-reel-route-2192cee1,11,180,target,L a down,L a up,-0.500 -0.350,-0.500 -0.350,0.500 -0.350,0.500 -0.350,,,,,
solver-review-001,solver-review-001-08,low-reel-route-6641d87e,0,0,source,C a up,L b down,0.500 -0.350,-0.500 -0.350,0.500 -0.350,-0.500 -0.350,source-cycle,reel-continuation,reel-continuation,valid,source-cycle
solver-review-001,solver-review-001-08,low-reel-route-6641d87e,1,0,source,C a down,L b up,0.500 -0.350,-0.500 -0.350,0.500 -0.350,-0.500 -0.350,source-cycle,reel-continuation,reel-continuation,valid,source-cycle
solver-review-001,solver-review-001-08,low-reel-route-6641d87e,2,0,source,R b up,C a down,0.500 -0.350,-0.500 -0.350,0.500 -0.350,-0.500 -0.350,source-cycle,reel-continuation,reel-continuation,valid,source-cycle
solver-review-001,solver-review-001-08,low-reel-route-6641d87e,3,0,source,R b down,C a up,0.500 -0.350,-0.500 -0.350,0.500 -0.350,-0.500 -0.350,source-cycle,reel-continuation,reel-continuation,valid,source-cycle
solver-review-001,solver-review-001-08,low-reel-route-6641d87e,4,0,source,C a up,L b down,0.500 -0.350,-0.500 -0.350,0.500 -0.350,-0.500 -0.350,body-turn,cross,hold,valid,turn-topology:left:left-cross:right-hold
solver-review-001,solver-review-001-08,low-reel-route-6641d87e,5,180,target,C b down,C b up,-0.500 -0.350,-0.500 -0.350,0.500 -0.350,0.500 -0.350,target-cycle,reel-continuation,reel-continuation,valid,target-cycle
solver-review-001,solver-review-001-08,low-reel-route-6641d87e,6,180,target,L a up,C b down,-0.500 -0.350,-0.500 -0.350,0.500 -0.350,0.500 -0.350,target-cycle,reel-continuation,reel-continuation,valid,target-cycle
solver-review-001,solver-review-001-08,low-reel-route-6641d87e,7,180,target,L a down,L a up,-0.500 -0.350,-0.500 -0.350,0.500 -0.350,0.500 -0.350,target-cycle,reel-continuation,reel-continuation,valid,target-cycle
solver-review-001,solver-review-001-08,low-reel-route-6641d87e,8,180,target,C b up,L a down,-0.500 -0.350,-0.500 -0.350,0.500 -0.350,0.500 -0.350,target-cycle,reel-continuation,reel-continuation,valid,target-cycle
solver-review-001,solver-review-001-08,low-reel-route-6641d87e,9,180,target,C b down,C b up,-0.500 -0.350,-0.500 -0.350,0.500 -0.350,0.500 -0.350,,,,,
solver-review-001,solver-review-001-09,low-reel-route-2bb879c6,0,0,source,Cb b up,C a up,0.500 -0.350,-0.500 -0.350,0.500 -0.350,-0.500 -0.350,source-cycle,reel-continuation,reel-continuation,valid,source-cycle
solver-review-001,solver-review-001-09,low-reel-route-2bb879c6,1,0,source,Rb a down,C a down,0.500 -0.350,-0.500 -0.350,0.500 -0.350,-0.500 -0.350,source-cycle,reel-continuation,reel-continuation,valid,source-cycle
solver-review-001,solver-review-001-09,low-reel-route-2bb879c6,2,0,source,Rb a up,L b up,0.500 -0.350,-0.500 -0.350,0.500 -0.350,-0.500 -0.350,source-cycle,reel-continuation,reel-continuation,valid,source-cycle
solver-review-001,solver-review-001-09,low-reel-route-2bb879c6,3,0,source,Cb b down,L b down,0.500 -0.350,-0.500 -0.350,0.500 -0.350,-0.500 -0.350,source-cycle,reel-continuation,reel-continuation,valid,source-cycle
solver-review-001,solver-review-001-09,low-reel-route-2bb879c6,4,0,source,Cb b up,C a up,0.500 -0.350,-0.500 -0.350,0.500 -0.350,-0.500 -0.350,circle-extension,circle-extension,reel-continuation,unresolved,generated:left:same-anchor-circle-extension; generated:right:same-anchor-circle-extension; low-back:low-non-native:same-cw:1@3->0; low-back:low-non-native:same-cw:3@1->2; low-native:low-non-native:same-cw:0@2->3; low-native:low-non-native:same-cw:2@0->1; low-non-native:low-non-native:same-cw:1@3->0; low-non-native:low-non-native:same-cw:3@1->2
solver-review-001,solver-review-001-09,low-reel-route-2bb879c6,5,0,preparation,Cb b down,C a down,0.500 -0.350,-0.500 -0.350,0.500 -0.350,-0.500 -0.350,body-turn,hold,cross,unresolved,turn-topology:left:left-hold:right-cross
solver-review-001,solver-review-001-09,low-reel-route-2bb879c6,6,180,turn-target,C b up,C b up,-0.500 -0.350,0.500 -0.350,0.500 -0.350,-0.500 -0.350,circle-extension,circle-extension,reel-continuation,unresolved,generated:left:same-anchor-circle-extension; generated:right:same-anchor-circle-extension; low-back:low-native:same-ccw:0@2->3; low-back:low-native:same-ccw:2@0->1; low-native:low-native:same-ccw:1@3->0; low-native:low-native:same-ccw:3@1->2; low-non-native:low-native:same-ccw:0@2->3; low-non-native:low-native:same-ccw:2@0->1
solver-review-001,solver-review-001-09,low-reel-route-2bb879c6,7,180,target,C b down,C b down,-0.500 -0.350,0.500 -0.350,0.500 -0.350,-0.500 -0.350,target-cycle,reel-continuation,reel-continuation,valid,target-cycle
solver-review-001,solver-review-001-09,low-reel-route-2bb879c6,8,180,target,C b up,R a up,-0.500 -0.350,0.500 -0.350,0.500 -0.350,-0.500 -0.350,target-cycle,reel-continuation,reel-continuation,valid,target-cycle
solver-review-001,solver-review-001-09,low-reel-route-2bb879c6,9,180,target,L a down,R a down,-0.500 -0.350,0.500 -0.350,0.500 -0.350,-0.500 -0.350,target-cycle,reel-continuation,reel-continuation,valid,target-cycle
solver-review-001,solver-review-001-09,low-reel-route-2bb879c6,10,180,target,L a up,C b up,-0.500 -0.350,0.500 -0.350,0.500 -0.350,-0.500 -0.350,target-cycle,reel-continuation,reel-continuation,valid,target-cycle
solver-review-001,solver-review-001-09,low-reel-route-2bb879c6,11,180,target,C b down,C b down,-0.500 -0.350,0.500 -0.350,0.500 -0.350,-0.500 -0.350,,,,,
solver-review-001,solver-review-001-10,low-reel-route-d5c7fcee,0,0,source,Cb b up,C a up,0.500 -0.350,-0.500 -0.350,0.500 -0.350,-0.500 -0.350,source-cycle,reel-continuation,reel-continuation,valid,source-cycle
solver-review-001,solver-review-001-10,low-reel-route-d5c7fcee,1,0,source,Rb a down,C a down,0.500 -0.350,-0.500 -0.350,0.500 -0.350,-0.500 -0.350,source-cycle,reel-continuation,reel-continuation,valid,source-cycle
solver-review-001,solver-review-001-10,low-reel-route-d5c7fcee,2,0,source,Rb a up,L b up,0.500 -0.350,-0.500 -0.350,0.500 -0.350,-0.500 -0.350,source-cycle,reel-continuation,reel-continuation,valid,source-cycle
solver-review-001,solver-review-001-10,low-reel-route-d5c7fcee,3,0,source,Cb b down,L b down,0.500 -0.350,-0.500 -0.350,0.500 -0.350,-0.500 -0.350,source-cycle,reel-continuation,reel-continuation,valid,source-cycle
solver-review-001,solver-review-001-10,low-reel-route-d5c7fcee,4,0,source,Cb b up,C a up,0.500 -0.350,-0.500 -0.350,0.500 -0.350,-0.500 -0.350,circle-extension,circle-extension,reel-continuation,unresolved,generated:left:same-anchor-circle-extension; generated:right:same-anchor-circle-extension; low-back:low-non-native:same-cw:1@3->0; low-back:low-non-native:same-cw:3@1->2; low-native:low-non-native:same-cw:0@2->3; low-native:low-non-native:same-cw:2@0->1; low-non-native:low-non-native:same-cw:1@3->0; low-non-native:low-non-native:same-cw:3@1->2
solver-review-001,solver-review-001-10,low-reel-route-d5c7fcee,5,0,preparation,Cb b down,C a down,0.500 -0.350,-0.500 -0.350,0.500 -0.350,-0.500 -0.350,body-turn,hold,hold,unresolved,turn-topology:left:left-hold:right-hold
solver-review-001,solver-review-001-10,low-reel-route-d5c7fcee,6,180,target,C b up,R a up,-0.500 -0.350,0.500 -0.350,0.500 -0.350,-0.500 -0.350,target-cycle,reel-continuation,reel-continuation,valid,target-cycle
solver-review-001,solver-review-001-10,low-reel-route-d5c7fcee,7,180,target,L a down,R a down,-0.500 -0.350,0.500 -0.350,0.500 -0.350,-0.500 -0.350,target-cycle,reel-continuation,reel-continuation,valid,target-cycle
solver-review-001,solver-review-001-10,low-reel-route-d5c7fcee,8,180,target,L a up,C b up,-0.500 -0.350,0.500 -0.350,0.500 -0.350,-0.500 -0.350,target-cycle,reel-continuation,reel-continuation,valid,target-cycle
solver-review-001,solver-review-001-10,low-reel-route-d5c7fcee,9,180,target,C b down,C b down,-0.500 -0.350,0.500 -0.350,0.500 -0.350,-0.500 -0.350,target-cycle,reel-continuation,reel-continuation,valid,target-cycle
solver-review-001,solver-review-001-10,low-reel-route-d5c7fcee,10,180,target,C b up,R a up,-0.500 -0.350,0.500 -0.350,0.500 -0.350,-0.500 -0.350,,,,,
solver-review-001,solver-review-001-11,low-reel-route-dc330096,0,0,source,C a down,R b down,-0.500 -0.350,0.500 -0.350,-0.500 -0.350,0.500 -0.350,source-cycle,reel-continuation,reel-continuation,valid,source-cycle
solver-review-001,solver-review-001-11,low-reel-route-dc330096,1,0,source,C a up,R b up,-0.500 -0.350,0.500 -0.350,-0.500 -0.350,0.500 -0.350,source-cycle,reel-continuation,reel-continuation,valid,source-cycle
solver-review-001,solver-review-001-11,low-reel-route-dc330096,2,0,source,L b down,C a down,-0.500 -0.350,0.500 -0.350,-0.500 -0.350,0.500 -0.350,source-cycle,reel-continuation,reel-continuation,valid,source-cycle
solver-review-001,solver-review-001-11,low-reel-route-dc330096,3,0,source,L b up,C a up,-0.500 -0.350,0.500 -0.350,-0.500 -0.350,0.500 -0.350,source-cycle,reel-continuation,reel-continuation,valid,source-cycle
solver-review-001,solver-review-001-11,low-reel-route-dc330096,4,0,source,C a down,R b down,-0.500 -0.350,0.500 -0.350,-0.500 -0.350,0.500 -0.350,body-turn,cross,cross,valid,turn-topology:right:left-cross:right-cross
solver-review-001,solver-review-001-11,low-reel-route-dc330096,5,180,turn-target,C b up,R a up,0.500 -0.350,0.500 -0.350,-0.500 -0.350,-0.500 -0.350,reel-continuation,reel-continuation,reel-continuation,valid,low-non-native:low-native:opposite-in:3@3->0
solver-review-001,solver-review-001-11,low-reel-route-dc330096,6,180,recovery,R a down,R a down,0.500 -0.350,0.500 -0.350,-0.500 -0.350,-0.500 -0.350,circle-extension,reel-continuation,circle-extension,unresolved,generated:left:same-anchor-circle-extension; generated:right:same-anchor-circle-extension; low-non-native:low-back:opposite-in:0@0->1; low-non-native:low-back:opposite-in:2@0->1; low-non-native:low-native:opposite-in:1@0->1; low-non-native:low-native:opposite-in:3@0->1; low-non-native:low-non-native:opposite-in:0@0->1; low-non-native:low-non-native:opposite-in:2@0->1
solver-review-001,solver-review-001-11,low-reel-route-dc330096,7,180,target,R a up,R a up,0.500 -0.350,0.500 -0.350,-0.500 -0.350,-0.500 -0.350,target-cycle,reel-continuation,reel-continuation,valid,target-cycle
solver-review-001,solver-review-001-11,low-reel-route-dc330096,8,180,target,C b down,R a down,0.500 -0.350,0.500 -0.350,-0.500 -0.350,-0.500 -0.350,target-cycle,reel-continuation,reel-continuation,valid,target-cycle
solver-review-001,solver-review-001-11,low-reel-route-dc330096,9,180,target,C b up,C b up,0.500 -0.350,0.500 -0.350,-0.500 -0.350,-0.500 -0.350,target-cycle,reel-continuation,reel-continuation,valid,target-cycle
solver-review-001,solver-review-001-11,low-reel-route-dc330096,10,180,target,R a down,C b down,0.500 -0.350,0.500 -0.350,-0.500 -0.350,-0.500 -0.350,target-cycle,reel-continuation,reel-continuation,valid,target-cycle
solver-review-001,solver-review-001-11,low-reel-route-dc330096,11,180,target,R a up,R a up,0.500 -0.350,0.500 -0.350,-0.500 -0.350,-0.500 -0.350,,,,,
solver-review-001,solver-review-001-12,low-reel-route-65a48053,0,0,source,C a down,R b down,-0.500 -0.350,0.500 -0.350,-0.500 -0.350,0.500 -0.350,source-cycle,reel-continuation,reel-continuation,valid,source-cycle
solver-review-001,solver-review-001-12,low-reel-route-65a48053,1,0,source,C a up,R b up,-0.500 -0.350,0.500 -0.350,-0.500 -0.350,0.500 -0.350,source-cycle,reel-continuation,reel-continuation,valid,source-cycle
solver-review-001,solver-review-001-12,low-reel-route-65a48053,2,0,source,L b down,C a down,-0.500 -0.350,0.500 -0.350,-0.500 -0.350,0.500 -0.350,source-cycle,reel-continuation,reel-continuation,valid,source-cycle
solver-review-001,solver-review-001-12,low-reel-route-65a48053,3,0,source,L b up,C a up,-0.500 -0.350,0.500 -0.350,-0.500 -0.350,0.500 -0.350,source-cycle,reel-continuation,reel-continuation,valid,source-cycle
solver-review-001,solver-review-001-12,low-reel-route-65a48053,4,0,source,C a down,R b down,-0.500 -0.350,0.500 -0.350,-0.500 -0.350,0.500 -0.350,body-turn,cross,hold,valid,turn-topology:right:left-cross:right-hold
solver-review-001,solver-review-001-12,low-reel-route-65a48053,5,180,target,C b up,C b up,0.500 -0.350,0.500 -0.350,-0.500 -0.350,-0.500 -0.350,target-cycle,reel-continuation,reel-continuation,valid,target-cycle
solver-review-001,solver-review-001-12,low-reel-route-65a48053,6,180,target,R a down,C b down,0.500 -0.350,0.500 -0.350,-0.500 -0.350,-0.500 -0.350,target-cycle,reel-continuation,reel-continuation,valid,target-cycle
solver-review-001,solver-review-001-12,low-reel-route-65a48053,7,180,target,R a up,R a up,0.500 -0.350,0.500 -0.350,-0.500 -0.350,-0.500 -0.350,target-cycle,reel-continuation,reel-continuation,valid,target-cycle
solver-review-001,solver-review-001-12,low-reel-route-65a48053,8,180,target,C b down,R a down,0.500 -0.350,0.500 -0.350,-0.500 -0.350,-0.500 -0.350,target-cycle,reel-continuation,reel-continuation,valid,target-cycle
solver-review-001,solver-review-001-12,low-reel-route-65a48053,9,180,target,C b up,C b up,0.500 -0.350,0.500 -0.350,-0.500 -0.350,-0.500 -0.350,,,,,
solver-review-001,solver-review-001-13,low-reel-route-f820698e,0,0,source,Rb a up,R b up,0.500 -0.350,0.500 -0.350,0.500 -0.350,0.500 -0.350,source-cycle,reel-continuation,reel-continuation,valid,source-cycle
solver-review-001,solver-review-001-13,low-reel-route-f820698e,1,0,source,Cb b down,C a down,0.500 -0.350,0.500 -0.350,0.500 -0.350,0.500 -0.350,source-cycle,reel-continuation,reel-continuation,valid,source-cycle
solver-review-001,solver-review-001-13,low-reel-route-f820698e,2,0,source,Cb b up,C a up,0.500 -0.350,0.500 -0.350,0.500 -0.350,0.500 -0.350,source-cycle,reel-continuation,reel-continuation,valid,source-cycle
solver-review-001,solver-review-001-13,low-reel-route-f820698e,3,0,source,Rb a down,R b down,0.500 -0.350,0.500 -0.350,0.500 -0.350,0.500 -0.350,source-cycle,reel-continuation,reel-continuation,valid,source-cycle
solver-review-001,solver-review-001-13,low-reel-route-f820698e,4,0,source,Rb a up,R b up,0.500 -0.350,0.500 -0.350,0.500 -0.350,0.500 -0.350,circle-extension,circle-extension,reel-continuation,unresolved,generated:left:same-anchor-circle-extension; low-back:low-native:same-cw:0@1->2; low-back:low-native:same-cw:2@3->0; low-native:low-native:same-cw:1@2->3; low-native:low-native:same-cw:3@0->1; low-non-native:low-native:same-cw:0@1->2; low-non-native:low-native:same-cw:2@3->0
solver-review-001,solver-review-001-13,low-reel-route-f820698e,5,0,preparation,Rb a down,C a down,0.500 -0.350,0.500 -0.350,0.500 -0.350,0.500 -0.350,reel-continuation,reel-continuation,reel-continuation,valid,low-back:low-native:same-cw:2@0->1
solver-review-001,solver-review-001-13,low-reel-route-f820698e,6,0,preparation,Rb a up,C a up,0.500 -0.350,0.500 -0.350,0.500 -0.350,0.500 -0.350,body-turn,cross,cross,valid,turn-topology:right:left-cross:right-cross
solver-review-001,solver-review-001-13,low-reel-route-f820698e,7,180,target,Rb b down,C b down,0.500 -0.350,0.500 -0.350,-0.500 -0.350,-0.500 -0.350,target-cycle,reel-continuation,reel-continuation,valid,target-cycle
solver-review-001,solver-review-001-13,low-reel-route-f820698e,8,180,target,Cb a up,R a up,0.500 -0.350,0.500 -0.350,-0.500 -0.350,-0.500 -0.350,target-cycle,reel-continuation,reel-continuation,valid,target-cycle
solver-review-001,solver-review-001-13,low-reel-route-f820698e,9,180,target,Cb a down,R a down,0.500 -0.350,0.500 -0.350,-0.500 -0.350,-0.500 -0.350,target-cycle,reel-continuation,reel-continuation,valid,target-cycle
solver-review-001,solver-review-001-13,low-reel-route-f820698e,10,180,target,Rb b up,C b up,0.500 -0.350,0.500 -0.350,-0.500 -0.350,-0.500 -0.350,target-cycle,reel-continuation,reel-continuation,valid,target-cycle
solver-review-001,solver-review-001-13,low-reel-route-f820698e,11,180,target,Rb b down,C b down,0.500 -0.350,0.500 -0.350,-0.500 -0.350,-0.500 -0.350,,,,,
solver-review-001,solver-review-001-14,low-reel-route-a81ed39e,0,0,source,Rb a up,R b up,0.500 -0.350,0.500 -0.350,0.500 -0.350,0.500 -0.350,source-cycle,reel-continuation,reel-continuation,valid,source-cycle
solver-review-001,solver-review-001-14,low-reel-route-a81ed39e,1,0,source,Cb b down,C a down,0.500 -0.350,0.500 -0.350,0.500 -0.350,0.500 -0.350,source-cycle,reel-continuation,reel-continuation,valid,source-cycle
solver-review-001,solver-review-001-14,low-reel-route-a81ed39e,2,0,source,Cb b up,C a up,0.500 -0.350,0.500 -0.350,0.500 -0.350,0.500 -0.350,source-cycle,reel-continuation,reel-continuation,valid,source-cycle
solver-review-001,solver-review-001-14,low-reel-route-a81ed39e,3,0,source,Rb a down,R b down,0.500 -0.350,0.500 -0.350,0.500 -0.350,0.500 -0.350,source-cycle,reel-continuation,reel-continuation,valid,source-cycle
solver-review-001,solver-review-001-14,low-reel-route-a81ed39e,4,0,source,Rb a up,R b up,0.500 -0.350,0.500 -0.350,0.500 -0.350,0.500 -0.350,body-turn,hold,hold,unresolved,turn-topology:right:left-hold:right-hold
solver-review-001,solver-review-001-14,low-reel-route-a81ed39e,5,180,turn-target,Cb a down,C b down,0.500 -0.350,0.500 -0.350,-0.500 -0.350,-0.500 -0.350,circle-extension,reel-continuation,circle-extension,unresolved,generated:right:same-anchor-circle-extension; low-back:low-back:same-ccw:1@3->0; low-back:low-back:same-ccw:3@3->0; low-back:low-native:same-ccw:0@3->0; low-back:low-native:same-ccw:2@3->0; low-back:low-non-native:same-ccw:1@3->0; low-back:low-non-native:same-ccw:3@3->0
solver-review-001,solver-review-001-14,low-reel-route-a81ed39e,6,180,target,Rb b up,C b up,0.500 -0.350,0.500 -0.350,-0.500 -0.350,-0.500 -0.350,target-cycle,reel-continuation,reel-continuation,valid,target-cycle
solver-review-001,solver-review-001-14,low-reel-route-a81ed39e,7,180,target,Rb b down,C b down,0.500 -0.350,0.500 -0.350,-0.500 -0.350,-0.500 -0.350,target-cycle,reel-continuation,reel-continuation,valid,target-cycle
solver-review-001,solver-review-001-14,low-reel-route-a81ed39e,8,180,target,Cb a up,R a up,0.500 -0.350,0.500 -0.350,-0.500 -0.350,-0.500 -0.350,target-cycle,reel-continuation,reel-continuation,valid,target-cycle
solver-review-001,solver-review-001-14,low-reel-route-a81ed39e,9,180,target,Cb a down,R a down,0.500 -0.350,0.500 -0.350,-0.500 -0.350,-0.500 -0.350,target-cycle,reel-continuation,reel-continuation,valid,target-cycle
solver-review-001,solver-review-001-14,low-reel-route-a81ed39e,10,180,target,Rb b up,C b up,0.500 -0.350,0.500 -0.350,-0.500 -0.350,-0.500 -0.350,,,,,
solver-review-001,solver-review-001-15,low-reel-route-5b5b576a,0,0,source,L b up,C a down,-0.500 -0.350,-0.500 -0.350,-0.500 -0.350,-0.500 -0.350,source-cycle,reel-continuation,reel-continuation,valid,source-cycle
solver-review-001,solver-review-001-15,low-reel-route-5b5b576a,1,0,source,L b down,L b up,-0.500 -0.350,-0.500 -0.350,-0.500 -0.350,-0.500 -0.350,source-cycle,reel-continuation,reel-continuation,valid,source-cycle
solver-review-001,solver-review-001-15,low-reel-route-5b5b576a,2,0,source,C a up,L b down,-0.500 -0.350,-0.500 -0.350,-0.500 -0.350,-0.500 -0.350,source-cycle,reel-continuation,reel-continuation,valid,source-cycle
solver-review-001,solver-review-001-15,low-reel-route-5b5b576a,3,0,source,C a down,C a up,-0.500 -0.350,-0.500 -0.350,-0.500 -0.350,-0.500 -0.350,source-cycle,reel-continuation,reel-continuation,valid,source-cycle
solver-review-001,solver-review-001-15,low-reel-route-5b5b576a,4,0,source,L b up,C a down,-0.500 -0.350,-0.500 -0.350,-0.500 -0.350,-0.500 -0.350,circle-extension,reel-continuation,circle-extension,unresolved,generated:left:same-anchor-circle-extension; generated:right:same-anchor-circle-extension; low-native:low-back:same-cw:1@0->1; low-native:low-back:same-cw:3@0->1; low-native:low-native:same-cw:0@0->1; low-native:low-native:same-cw:2@0->1; low-native:low-non-native:same-cw:1@0->1; low-native:low-non-native:same-cw:3@0->1
solver-review-001,solver-review-001-15,low-reel-route-5b5b576a,5,0,preparation,L b down,C a up,-0.500 -0.350,-0.500 -0.350,-0.500 -0.350,-0.500 -0.350,reel-continuation,reel-continuation,reel-continuation,valid,low-native:low-non-native:same-cw:3@1->2
solver-review-001,solver-review-001-15,low-reel-route-5b5b576a,6,0,preparation,C a up,C a down,-0.500 -0.350,-0.500 -0.350,-0.500 -0.350,-0.500 -0.350,body-turn,cross,hold,valid,turn-topology:right:left-cross:right-hold
solver-review-001,solver-review-001-15,low-reel-route-5b5b576a,7,180,turn-target,C b down,L a up,0.500 -0.350,-0.500 -0.350,-0.500 -0.350,0.500 -0.350,circle-extension,circle-extension,reel-continuation,unresolved,generated:left:same-anchor-circle-extension; low-back:low-non-native:same-ccw:0@1->2; low-back:low-non-native:same-ccw:2@3->0; low-native:low-non-native:same-ccw:1@2->3; low-native:low-non-native:same-ccw:3@0->1; low-non-native:low-non-native:same-ccw:0@1->2; low-non-native:low-non-native:same-ccw:2@3->0
solver-review-001,solver-review-001-15,low-reel-route-5b5b576a,8,180,target,C b up,C b down,0.500 -0.350,-0.500 -0.350,-0.500 -0.350,0.500 -0.350,target-cycle,reel-continuation,reel-continuation,valid,target-cycle
solver-review-001,solver-review-001-15,low-reel-route-5b5b576a,9,180,target,C b down,C b up,0.500 -0.350,-0.500 -0.350,-0.500 -0.350,0.500 -0.350,target-cycle,reel-continuation,reel-continuation,valid,target-cycle
solver-review-001,solver-review-001-15,low-reel-route-5b5b576a,10,180,target,R a up,L a down,0.500 -0.350,-0.500 -0.350,-0.500 -0.350,0.500 -0.350,target-cycle,reel-continuation,reel-continuation,valid,target-cycle
solver-review-001,solver-review-001-15,low-reel-route-5b5b576a,11,180,target,R a down,L a up,0.500 -0.350,-0.500 -0.350,-0.500 -0.350,0.500 -0.350,target-cycle,reel-continuation,reel-continuation,valid,target-cycle
solver-review-001,solver-review-001-15,low-reel-route-5b5b576a,12,180,target,C b up,C b down,0.500 -0.350,-0.500 -0.350,-0.500 -0.350,0.500 -0.350,,,,,
solver-review-001,solver-review-001-16,low-reel-route-66bde380,0,0,source,C a up,L b down,-0.500 -0.350,-0.500 -0.350,-0.500 -0.350,-0.500 -0.350,source-cycle,reel-continuation,reel-continuation,valid,source-cycle
solver-review-001,solver-review-001-16,low-reel-route-66bde380,1,0,source,C a down,C a up,-0.500 -0.350,-0.500 -0.350,-0.500 -0.350,-0.500 -0.350,source-cycle,reel-continuation,reel-continuation,valid,source-cycle
solver-review-001,solver-review-001-16,low-reel-route-66bde380,2,0,source,L b up,C a down,-0.500 -0.350,-0.500 -0.350,-0.500 -0.350,-0.500 -0.350,source-cycle,reel-continuation,reel-continuation,valid,source-cycle
solver-review-001,solver-review-001-16,low-reel-route-66bde380,3,0,source,L b down,L b up,-0.500 -0.350,-0.500 -0.350,-0.500 -0.350,-0.500 -0.350,source-cycle,reel-continuation,reel-continuation,valid,source-cycle
solver-review-001,solver-review-001-16,low-reel-route-66bde380,4,0,source,C a up,L b down,-0.500 -0.350,-0.500 -0.350,-0.500 -0.350,-0.500 -0.350,body-turn,cross,cross,valid,turn-topology:right:left-cross:right-cross
solver-review-001,solver-review-001-16,low-reel-route-66bde380,5,180,turn-target,C b down,L a up,0.500 -0.350,-0.500 -0.350,-0.500 -0.350,0.500 -0.350,reel-continuation,reel-continuation,reel-continuation,valid,low-non-native:low-non-native:same-ccw:2@3->0
solver-review-001,solver-review-001-16,low-reel-route-66bde380,6,180,recovery,R a up,C b down,0.500 -0.350,-0.500 -0.350,-0.500 -0.350,0.500 -0.350,reel-continuation,reel-continuation,reel-continuation,valid,low-non-native:low-non-native:same-ccw:2@0->1
solver-review-001,solver-review-001-16,low-reel-route-66bde380,7,180,recovery,R a down,C b up,0.500 -0.350,-0.500 -0.350,-0.500 -0.350,0.500 -0.350,circle-extension,circle-extension,reel-continuation,unresolved,generated:left:same-anchor-circle-extension; low-back:low-non-native:same-ccw:0@3->0; low-back:low-non-native:same-ccw:2@1->2; low-native:low-non-native:same-ccw:1@0->1; low-native:low-non-native:same-ccw:3@2->3; low-non-native:low-non-native:same-ccw:0@3->0; low-non-native:low-non-native:same-ccw:2@1->2
solver-review-001,solver-review-001-16,low-reel-route-66bde380,8,180,target,R a up,L a down,0.500 -0.350,-0.500 -0.350,-0.500 -0.350,0.500 -0.350,target-cycle,reel-continuation,reel-continuation,valid,target-cycle
solver-review-001,solver-review-001-16,low-reel-route-66bde380,9,180,target,R a down,L a up,0.500 -0.350,-0.500 -0.350,-0.500 -0.350,0.500 -0.350,target-cycle,reel-continuation,reel-continuation,valid,target-cycle
solver-review-001,solver-review-001-16,low-reel-route-66bde380,10,180,target,C b up,C b down,0.500 -0.350,-0.500 -0.350,-0.500 -0.350,0.500 -0.350,target-cycle,reel-continuation,reel-continuation,valid,target-cycle
solver-review-001,solver-review-001-16,low-reel-route-66bde380,11,180,target,C b down,C b up,0.500 -0.350,-0.500 -0.350,-0.500 -0.350,0.500 -0.350,target-cycle,reel-continuation,reel-continuation,valid,target-cycle
solver-review-001,solver-review-001-16,low-reel-route-66bde380,12,180,target,R a up,L a down,0.500 -0.350,-0.500 -0.350,-0.500 -0.350,0.500 -0.350,,,,,
